x,y,z
-14.190582275390625,-224.2076416015625,28.821800231933594
-13.928540229797363,-223.72686767578125,28.80290412902832
-13.661150932312012,-223.22598266601562,28.802305221557617
-13.41542911529541,-222.7166748046875,28.82232666015625
-13.186867713928223,-222.20553588867188,28.822620391845703
-12.904163360595703,-221.59580993652344,28.80571174621582
-12.613186836242676,-220.9645538330078,28.80294418334961
-12.313639640808105,-220.311767578125,28.820234298706055
-12.01190185546875,-219.6508026123047,28.82470703125
-11.72549057006836,-218.99032592773438,28.82524299621582
-11.45656967163086,-218.354248046875,28.826393127441406
-11.181310653686523,-217.7211151123047,28.82697296142578
-10.911944389343262,-217.09860229492188,28.827754974365234
-10.639034271240234,-216.4643096923828,28.82901382446289
-10.369485855102539,-215.83782958984375,28.829025268554688
-10.10824203491211,-215.2315673828125,28.829181671142578
-9.848441123962402,-214.62843322753906,28.831058502197266
-9.59666633605957,-214.0443115234375,28.83277702331543
-9.338825225830078,-213.44610595703125,28.834606170654297
-9.086745262145996,-212.8600311279297,28.838245391845703
-8.840524673461914,-212.28753662109375,28.842180252075195
-8.595195770263672,-211.7172088623047,28.844680786132812
-8.35828685760498,-211.16729736328125,28.84626007080078
-8.115461349487305,-210.603271484375,28.84813117980957
-7.874772071838379,-210.04383850097656,28.84967041015625
-7.644877910614014,-209.509765625,28.85073471069336
-7.415069580078125,-208.97607421875,28.85161590576172
-7.1828508377075195,-208.43661499023438,28.85249900817871
-6.9629716873168945,-207.92532348632812,28.853425979614258
-6.739742755889893,-207.40597534179688,28.854745864868164
-6.514157772064209,-206.88177490234375,28.85687255859375
-6.293208122253418,-206.36837768554688,28.859004974365234
-6.076993942260742,-205.8658447265625,28.86101531982422
-5.863260746002197,-205.36895751953125,28.86312484741211
-5.647649765014648,-204.8675537109375,28.865280151367188
-5.440688133239746,-204.38131713867188,28.86722183227539
-5.242119312286377,-203.90045166015625,28.868703842163086
-5.04149866104126,-203.4241485595703,28.870336532592773
-4.843558311462402,-202.94895935058594,28.87228012084961
-4.606581687927246,-202.33035278320312,28.87441062927246
-4.43348503112793,-201.85421752929688,28.87557029724121
-4.248939514160156,-201.36949157714844,28.869003295898438
-4.010829925537109,-200.73822021484375,28.856983184814453
-3.8267931938171387,-200.2471923828125,28.857751846313477
-3.6342086791992188,-199.7330322265625,28.870994567871094
-3.444998025894165,-199.22824096679688,28.879032135009766
-3.2622714042663574,-198.74008178710938,28.88088035583496
-3.078357219696045,-198.2425079345703,28.88142967224121
-2.8945486545562744,-197.74110412597656,28.882381439208984
-2.7135634422302246,-197.2520294189453,28.8831729888916
-2.534735679626465,-196.76467895507812,28.883586883544922
-2.2843523025512695,-196.05294799804688,28.883953094482422
-2.1173665523529053,-195.57962036132812,28.884765625
-1.9472382068634033,-195.09877014160156,28.885766983032227
-1.7150547504425049,-194.40133666992188,28.88591766357422
-1.4965054988861084,-193.71823120117188,28.885400772094727
-1.2702347040176392,-193.03289794921875,28.885528564453125
-1.0433334112167358,-192.34393310546875,28.884878158569336
-0.8797032237052917,-191.844482421875,28.87358856201172
-0.6959316730499268,-191.2836151123047,28.867658615112305
-0.48929718136787415,-190.65188598632812,28.870574951171875
-0.2872876524925232,-190.0189971923828,28.883596420288086
-0.09221227467060089,-189.38674926757812,28.89043426513672
0.0961097776889801,-188.78070068359375,28.891334533691406
0.2856786251068115,-188.16896057128906,28.891082763671875
0.4685942530632019,-187.54078674316406,28.88654136657715
0.6409666538238525,-186.87806701660156,28.87948989868164
0.7913123369216919,-186.20571899414062,28.884435653686523
0.9181906580924988,-185.5074005126953,28.887914657592773
1.0240626335144043,-184.83660888671875,28.886795043945312
1.1278027296066284,-184.1672821044922,28.884984970092773
1.2361924648284912,-183.499755859375,28.884967803955078
1.3488566875457764,-182.84115600585938,28.886192321777344
1.468663215637207,-182.19873046875,28.886795043945312
1.5908983945846558,-181.5618896484375,28.886625289916992
1.707899808883667,-180.93203735351562,28.886146545410156
1.828126072883606,-180.27639770507812,28.88587760925293
1.9486453533172607,-179.62216186523438,28.886234283447266
2.0692355632781982,-178.97344970703125,28.8865966796875
2.1885416507720947,-178.33175659179688,28.885433197021484
2.306879997253418,-177.69320678710938,28.883188247680664
2.4240612983703613,-177.06005859375,28.882923126220703
2.534679651260376,-176.4644012451172,28.884735107421875
2.6499485969543457,-175.84469604492188,28.886842727661133
2.7626466751098633,-175.23794555664062,28.88811683654785
2.8716635704040527,-174.6500244140625,28.887571334838867
2.991433620452881,-174.00411987304688,28.87883758544922
3.1140897274017334,-173.3426055908203,28.882835388183594
3.2291839122772217,-172.72201538085938,28.888160705566406
3.3493733406066895,-172.07406616210938,28.889806747436523
3.4687395095825195,-171.42735290527344,28.889081954956055
3.574843645095825,-170.82138061523438,28.88850212097168
3.6720926761627197,-170.1923065185547,28.887907028198242
3.7628111839294434,-169.55734252929688,28.88739585876465
3.8457412719726562,-168.9342803955078,28.887252807617188
3.9255223274230957,-168.31451416015625,28.88800811767578
4.007045269012451,-167.706787109375,28.8890380859375
4.08837890625,-167.1034393310547,28.89006805419922
4.170313358306885,-166.49246215820312,28.89115333557129
4.250671863555908,-165.88844299316406,28.89174461364746
4.327150821685791,-165.31190490722656,28.891517639160156
4.407140254974365,-164.71022033691406,28.889175415039062
4.492125511169434,-164.072509765625,28.880266189575195
4.576085090637207,-163.4415283203125,28.884796142578125
4.661643028259277,-162.79803466796875,28.889507293701172
4.744309425354004,-162.177490234375,28.889511108398438
4.824774742126465,-161.5738067626953,28.887802124023438
4.908047199249268,-160.94891357421875,28.88593864440918
4.991016387939453,-160.32693481445312,28.884248733520508
5.0739288330078125,-159.7065887451172,28.88332176208496
5.156172752380371,-159.09107971191406,28.8831729888916
5.236081600189209,-158.49295043945312,28.882686614990234
5.312806129455566,-157.92001342773438,28.881179809570312
5.391324996948242,-157.33389282226562,28.879005432128906
5.471377372741699,-156.7355194091797,28.87702178955078
5.549380779266357,-156.1510772705078,28.8759708404541
5.625704765319824,-155.57977294921875,28.874923706054688
5.702755451202393,-155.0057373046875,28.87302589416504
5.779170989990234,-154.4357452392578,28.868030548095703
5.861249923706055,-153.80357360839844,28.853883743286133
5.9402899742126465,-153.116943359375,28.844425201416016
6.001949787139893,-152.41461181640625,28.840110778808594
6.040111541748047,-151.6584014892578,28.84365463256836
6.041987419128418,-150.90182495117188,28.850831985473633
6.010679721832275,-150.15057373046875,28.846410751342773
5.950011253356934,-149.34922790527344,28.835895538330078
5.8473358154296875,-148.50604248046875,28.83308982849121
5.686653137207031,-147.6231689453125,28.8366756439209
5.4610748291015625,-146.71185302734375,28.841135025024414
5.168701171875,-145.7779541015625,28.845243453979492
4.997678279876709,-145.30447387695312,28.847322463989258
4.6164751052856445,-144.3728790283203,28.851224899291992
4.395981788635254,-143.89199829101562,28.853050231933594
4.158604621887207,-143.409912109375,28.854772567749023
3.9042744636535645,-142.92710876464844,28.856399536132812
3.6330935955047607,-142.4439697265625,28.85801124572754
3.346837282180786,-141.96420288085938,28.86097526550293
3.051644802093506,-141.49697875976562,28.867189407348633
2.750455141067505,-141.044189453125,28.87359619140625
2.444227933883667,-140.60675048828125,28.878007888793945
2.1313247680664062,-140.18199157714844,28.87807273864746
1.8060675859451294,-139.76406860351562,28.87359619140625
1.4751557111740112,-139.3627471923828,28.87109375
1.1398444175720215,-138.978759765625,28.87005615234375
0.4594614505767822,-138.26220703125,28.869047164916992
-0.22944603860378265,-137.61373901367188,28.86699867248535
-0.9149147272109985,-137.03846740722656,28.86311149597168
-1.6071240901947021,-136.52342224121094,28.85721206665039
-2.29459810256958,-136.0764617919922,28.84967803955078
-2.956732749938965,-135.70584106445312,28.839954376220703
-3.6227731704711914,-135.39053344726562,28.830379486083984
-4.270369529724121,-135.13877868652344,28.82332420349121
-4.894556045532227,-134.94857788085938,28.818065643310547
-5.489790916442871,-134.81703186035156,28.812332153320312
-6.052079677581787,-134.74159240722656,28.805736541748047
-6.555773735046387,-134.71800231933594,28.798152923583984
-7.256434440612793,-134.75997924804688,28.78689193725586
-7.882926940917969,-134.88006591796875,28.780149459838867
-8.419065475463867,-135.05361938476562,28.77761459350586
-8.888647079467773,-135.26731872558594,28.77676010131836
-9.412630081176758,-135.58761596679688,28.775667190551758
-9.829681396484375,-135.9227752685547,28.775924682617188
-10.214042663574219,-136.32794189453125,28.77650260925293
-10.556929588317871,-136.80322265625,28.77935791015625
-10.815688133239746,-137.28665161132812,28.78036117553711
-10.9957275390625,-137.7559356689453,28.782638549804688
-11.120115280151367,-138.25836181640625,28.784528732299805
-11.190996170043945,-138.81675720214844,28.78451156616211
-11.18580436706543,-139.33981323242188,28.78868865966797
-11.114675521850586,-139.89834594726562,28.788705825805664
-10.996172904968262,-140.4014434814453,28.767765045166016
-10.850308418273926,-140.88418579101562,28.76732635498047
-10.670782089233398,-141.38351440429688,28.783321380615234
-10.474854469299316,-141.87579345703125,28.785327911376953
-10.27581787109375,-142.35984802246094,28.78244972229004
-10.077024459838867,-142.8557891845703,28.781421661376953
-9.892414093017578,-143.34341430664062,28.7795467376709
-9.700384140014648,-143.84335327148438,28.771011352539062
-9.4560546875,-144.4659881591797,28.753700256347656
-9.181231498718262,-145.1731414794922,28.76064682006836
-8.919699668884277,-145.8616943359375,28.76643180847168
-8.661016464233398,-146.57327270507812,28.76123046875
-8.487113952636719,-147.04263305664062,28.758769989013672
-8.308902740478516,-147.523681640625,28.75765609741211
-8.072080612182617,-148.19798278808594,28.75582504272461
-7.862408638000488,-148.88485717773438,28.752864837646484
-7.682575702667236,-149.57089233398438,28.749332427978516
-7.503325939178467,-150.25450134277344,28.747591018676758
-7.365806579589844,-150.7588348388672,28.736587524414062
-7.208370208740234,-151.3394775390625,28.73065185546875
-7.0432562828063965,-151.95535278320312,28.73108673095703
-6.872621536254883,-152.59991455078125,28.73360824584961
-6.695613861083984,-153.29873657226562,28.736459732055664
-6.525738716125488,-154.04864501953125,28.739185333251953
-6.380974769592285,-154.8150177001953,28.74765968322754
-6.272759437561035,-155.58590698242188,28.76157569885254
-6.211845397949219,-156.34689331054688,28.769607543945312
-6.202606678009033,-157.11892700195312,28.770740509033203
-6.239047527313232,-157.8754425048828,28.768957138061523
-6.302072048187256,-158.60401916503906,28.7680721282959
-6.3779168128967285,-159.3280029296875,28.76287078857422
-6.464810848236084,-160.11688232421875,28.754663467407227
-6.555409908294678,-160.94332885742188,28.749801635742188
-6.646585941314697,-161.77890014648438,28.75229263305664
-6.739442825317383,-162.6439666748047,28.75594139099121
-6.831467628479004,-163.52468872070312,28.75298309326172
-6.918842792510986,-164.36032104492188,28.748401641845703
-7.006882190704346,-165.20066833496094,28.74385643005371
-7.09486198425293,-166.0376434326172,28.7423095703125
-7.181443214416504,-166.86358642578125,28.73882484436035
-7.274147033691406,-167.74786376953125,28.733333587646484
-7.375788688659668,-168.7115020751953,28.733661651611328
-7.474455833435059,-169.6380615234375,28.743986129760742
-7.58621883392334,-170.60411071777344,28.750293731689453
-7.714302062988281,-171.5441131591797,28.749656677246094
-7.844730377197266,-172.44471740722656,28.748003005981445
-7.982719898223877,-173.41201782226562,28.747943878173828
-8.11594295501709,-174.33917236328125,28.74872589111328
-8.25529670715332,-175.2195587158203,28.748123168945312
-8.40684700012207,-176.10540771484375,28.746505737304688
-8.56980037689209,-177.03627014160156,28.74502182006836
-8.731949806213379,-177.89120483398438,28.744794845581055
-8.925719261169434,-178.76824951171875,28.7455997467041
-9.155864715576172,-179.63937377929688,28.74585723876953
-9.417434692382812,-180.51971435546875,28.74582862854004
-9.698163032531738,-181.38003540039062,28.745540618896484
-9.994648933410645,-182.19432067871094,28.743268966674805
-10.310220718383789,-183.00509643554688,28.740886688232422
-10.624662399291992,-183.80859375,28.740842819213867
-10.935735702514648,-184.61358642578125,28.74293327331543
-11.244686126708984,-185.41702270507812,28.745996475219727
-11.555867195129395,-186.22454833984375,28.74370574951172
-11.897873878479004,-187.10922241210938,28.73769760131836
-12.237558364868164,-187.9874725341797,28.74024772644043
-12.590065002441406,-188.89883422851562,28.749361038208008
-12.924619674682617,-189.7640380859375,28.754545211791992
-13.251666069030762,-190.61048889160156,28.756956100463867
-13.591838836669922,-191.49156188964844,28.753997802734375
-13.95022964477539,-192.41604614257812,28.760595321655273
-14.134967803955078,-192.88406372070312,28.764739990234375
-14.323553085327148,-193.34872436523438,28.76793670654297
-14.706645965576172,-194.25303649902344,28.77202033996582
-15.078014373779297,-195.11407470703125,28.775632858276367
-15.439760208129883,-195.9577178955078,28.779760360717773
-15.825868606567383,-196.86294555664062,28.784008026123047
-16.189735412597656,-197.71710205078125,28.78641128540039
-16.549846649169922,-198.55307006835938,28.787626266479492
-16.92788314819336,-199.39015197753906,28.788692474365234
-17.3299560546875,-200.21713256835938,28.789052963256836
-17.733488082885742,-201.0146942138672,28.7894344329834
-18.149282455444336,-201.83782958984375,28.790027618408203
-18.553802490234375,-202.63885498046875,28.791303634643555
-18.949296951293945,-203.422607421875,28.792964935302734
-19.372562408447266,-204.26116943359375,28.78990364074707
-19.817564010620117,-205.14161682128906,28.782514572143555
-20.04424476623535,-205.5897979736328,28.78019905090332
-20.281494140625,-206.05880737304688,28.780611038208008
-20.735240936279297,-206.95574951171875,28.78925132751465
-21.1744384765625,-207.82418823242188,28.795093536376953
-21.623889923095703,-208.71572875976562,28.797670364379883
-22.057941436767578,-209.6016845703125,28.799468994140625
-22.47149658203125,-210.47035217285156,28.80124282836914
-22.885759353637695,-211.341796875,28.8021297454834
-23.310943603515625,-212.24041748046875,28.801963806152344
-23.733842849731445,-213.13999938964844,28.80108070373535
-24.13251495361328,-213.98756408691406,28.801660537719727
-24.541667938232422,-214.85939025878906,28.802370071411133
-24.935951232910156,-215.72413635253906,28.80183219909668
-25.334972381591797,-216.6253204345703,28.80074119567871
-25.714067459106445,-217.48155212402344,28.799840927124023
-26.09757423400879,-218.3437957763672,28.799304962158203
-26.467071533203125,-219.17279052734375,28.799427032470703
-26.86466407775879,-220.0650177001953,28.79896354675293
-27.258222579956055,-220.9494171142578,28.791854858398438
-27.65435791015625,-221.83871459960938,28.79262351989746
-28.06707763671875,-222.7644500732422,28.79974365234375
-28.4758243560791,-223.6810760498047,28.800891876220703
-28.875545501708984,-224.57769775390625,28.793106079101562
-29.080982208251953,-225.03831481933594,28.790939331054688
-29.304964065551758,-225.54025268554688,28.793594360351562
-29.72062873840332,-226.4713897705078,28.802398681640625
-30.14928436279297,-227.43206787109375,28.802490234375
-30.36455535888672,-227.91456604003906,28.799135208129883
-30.601415634155273,-228.44517517089844,28.79668617248535
-30.811054229736328,-228.9144744873047,28.798458099365234
-31.047340393066406,-229.44322204589844,28.802383422851562
-31.259065628051758,-229.91690063476562,28.804763793945312
-31.50076675415039,-230.45761108398438,28.803659439086914
-31.744369506835938,-231.00241088867188,28.801319122314453
-31.995891571044922,-231.56478881835938,28.799293518066406
-32.23467254638672,-232.0986328125,28.79922103881836
-32.4897346496582,-232.66876220703125,28.80353355407715
-32.70526123046875,-233.15045166015625,28.808319091796875
-32.960784912109375,-233.72164916992188,28.811817169189453
-33.20500946044922,-234.26803588867188,28.811176300048828
-33.46989440917969,-234.86056518554688,28.8092041015625
-33.715293884277344,-235.4091033935547,28.80859375
-33.98359680175781,-236.00845336914062,28.81182861328125
-34.2021484375,-236.49655151367188,28.81551742553711
-34.46943283081055,-237.0934600830078,28.819469451904297
-34.712772369384766,-237.63681030273438,28.820587158203125
-34.98565673828125,-238.24612426757812,28.81758689880371
-35.26203918457031,-238.86337280273438,28.814701080322266
-35.538047790527344,-239.4796142578125,28.815593719482422
-35.77389144897461,-240.0060272216797,28.817773818969727
-36.049625396728516,-240.62139892578125,28.81981086730957
-36.30105972290039,-241.18319702148438,28.817960739135742
-36.583641052246094,-241.81475830078125,28.816078186035156
-36.8305549621582,-242.36610412597656,28.817874908447266
-37.112266540527344,-242.99485778808594,28.82138442993164
-37.343666076660156,-243.5111541748047,28.82424545288086
-37.624542236328125,-244.13754272460938,28.827119827270508
-37.89684295654297,-244.74227905273438,28.82881736755371
-38.180477142333984,-245.36431884765625,28.829313278198242
-38.446014404296875,-245.9377899169922,28.829017639160156
-38.734107971191406,-246.5549774169922,28.828399658203125
-38.99083709716797,-247.1039581298828,28.826946258544922
-39.28413009643555,-247.73150634765625,28.822351455688477
-39.56684112548828,-248.33706665039062,28.81844139099121
-39.855865478515625,-248.9563751220703,28.818824768066406
-40.11060333251953,-249.50244140625,28.821144104003906
-40.405784606933594,-250.1354217529297,28.824249267578125
-40.66194152832031,-250.6849365234375,28.826807022094727
-40.956634521484375,-251.3174285888672,28.828750610351562
-41.2276496887207,-251.89923095703125,28.827653884887695
-41.52919006347656,-252.54641723632812,28.827470779418945
-41.78883361816406,-253.1035614013672,28.830608367919922
-42.089088439941406,-253.7476806640625,28.835660934448242
-42.348487854003906,-254.30404663085938,28.840267181396484
-42.64765167236328,-254.945556640625,28.84506607055664
-42.91825485229492,-255.52554321289062,28.84844970703125
-43.217315673828125,-256.16400146484375,28.851409912109375
-43.47280502319336,-256.70513916015625,28.853466033935547
-43.773895263671875,-257.3396301269531,28.855606079101562
-44.01569366455078,-257.84844970703125,28.857290267944336
-44.31607437133789,-258.4803771972656,28.859302520751953
-44.591941833496094,-259.0607604980469,28.86078643798828
-44.891075134277344,-259.6903076171875,28.861927032470703
-45.144615173339844,-260.22418212890625,28.862613677978516
-45.44242858886719,-260.8515319824219,28.863143920898438
-45.69470977783203,-261.3830261230469,28.863082885742188
-45.9914436340332,-262.00823974609375,28.86245346069336
-46.25169372558594,-262.5566711425781,28.861587524414062
-46.547340393066406,-263.1796569824219,28.86044692993164
-46.80765914916992,-263.7279968261719,28.859378814697266
-47.10333251953125,-264.3480224609375,28.857749938964844
-47.35496520996094,-264.8683166503906,28.8560733795166
-47.65849304199219,-265.4809265136719,28.853622436523438
-47.963863372802734,-266.07891845703125,28.850740432739258
-48.27893829345703,-266.6829528808594,28.847719192504883
-48.54747009277344,-267.19366455078125,28.845579147338867
-48.8635139465332,-267.7944641113281,28.843656539916992
-49.13648223876953,-268.31427001953125,28.842464447021484
-49.45037841796875,-268.91339111328125,28.84145164489746
-49.728309631347656,-269.4450988769531,28.841047286987305
-50.03982162475586,-270.04248046875,28.84127426147461
-50.32590866088867,-270.5918273925781,28.841846466064453
-50.63579559326172,-271.1871032714844,28.842510223388672
-50.88819122314453,-271.67193603515625,28.8427677154541
-51.196903228759766,-272.2650146484375,28.843017578125
-51.47087097167969,-272.79144287109375,28.84309196472168
-51.77853775024414,-273.38226318359375,28.84267234802246
-52.05204391479492,-273.9071350097656,28.841903686523438
-52.3588752746582,-274.49566650390625,28.84076499938965
-52.62760925292969,-275.01116943359375,28.839754104614258
-52.933319091796875,-275.5975341796875,28.83852195739746
-53.22444152832031,-276.1558837890625,28.837390899658203
-53.52900695800781,-276.73992919921875,28.836708068847656
-53.81325912475586,-277.284912109375,28.8364200592041
-54.11674499511719,-277.8666687011719,28.836156845092773
-54.382110595703125,-278.37530517578125,28.83584976196289
-54.68450164794922,-278.9548645019531,28.835325241088867
-54.96343231201172,-279.489501953125,28.834400177001953
-55.26475524902344,-280.06689453125,28.83307647705078
-55.538002014160156,-280.59027099609375,28.832015991210938
-55.839080810546875,-281.16455078125,28.831239700317383
-56.08148956298828,-281.6214904785156,28.83089828491211
-56.38807678222656,-282.1897888183594,28.830921173095703
-56.658164978027344,-282.6844482421875,28.831575393676758
-56.967369079589844,-283.24822998046875,28.832841873168945
-57.25559997558594,-283.7735900878906,28.833683013916016
-57.56959533691406,-284.34698486328125,28.831472396850586
-57.83332061767578,-284.8290710449219,28.828876495361328
-58.15605163574219,-285.419189453125,28.82722282409668
-58.47699737548828,-286.00604248046875,28.829769134521484
-58.79841613769531,-286.59381103515625,28.833614349365234
-59.067665100097656,-287.0862121582031,28.836387634277344
-59.38874435424805,-287.6732177734375,28.837812423706055
-59.6461067199707,-288.1434326171875,28.83533477783203
-59.977012634277344,-288.747802734375,28.830636978149414
-60.265838623046875,-289.2752990722656,28.827373504638672
-60.599449157714844,-289.8847351074219,28.82781219482422
-60.88634490966797,-290.40875244140625,28.82985496520996
-61.221343994140625,-291.0206298828125,28.83159637451172
-61.502418518066406,-291.5343017578125,28.830320358276367
-61.84657669067383,-292.163330078125,28.829030990600586
-62.15658187866211,-292.72998046875,28.831558227539062
-62.48701858520508,-293.3338928222656,28.83587646484375
-62.79145812988281,-293.8902587890625,28.83982276916504
-63.13359069824219,-294.51531982421875,28.843191146850586
-63.44312286376953,-295.08087158203125,28.844606399536133
-63.79051208496094,-295.7153625488281,28.842191696166992
-64.10678100585938,-296.29296875,28.84050750732422
-64.45021057128906,-296.920166015625,28.842243194580078
-64.75486755371094,-297.4762878417969,28.84518051147461
-65.10382843017578,-298.11285400390625,28.848617553710938
-65.39019775390625,-298.6351013183594,28.850948333740234
-65.7380599975586,-299.26947021484375,28.853015899658203
-66.05079650878906,-299.8396911621094,28.85381317138672
-66.39761352539062,-300.4718017578125,28.85407257080078
-66.69214630126953,-301.00872802734375,28.854354858398438
-67.03758239746094,-301.63861083984375,28.85483741760254
-67.32398986816406,-302.1610107421875,28.855371475219727
-67.66792297363281,-302.78863525390625,28.85669708251953
-67.96332550048828,-303.3279113769531,28.85825538635254
-68.29808044433594,-303.9389953613281,28.860246658325195
-68.58645629882812,-304.46533203125,28.86202621459961
-68.92774963378906,-305.08819580078125,28.864294052124023
-69.22525024414062,-305.6312255859375,28.866689682006836
-69.56513977050781,-306.25152587890625,28.869815826416016
-69.8582763671875,-306.7864074707031,28.87264633178711
-70.1968994140625,-307.4041748046875,28.87580680847168
-70.48880004882812,-307.93670654296875,28.87789535522461
-70.82609558105469,-308.5523376464844,28.879039764404297
-71.10474395751953,-309.0608825683594,28.879005432128906
-71.44096374511719,-309.6743469238281,28.878273010253906
-71.73310852050781,-310.20733642578125,28.877439498901367
-72.06817626953125,-310.8185729980469,28.876422882080078
-72.35281372070312,-311.33770751953125,28.875728607177734
-72.6819839477539,-311.9379577636719,28.875219345092773
-72.9522476196289,-312.43084716796875,28.875036239624023
-73.28501892089844,-313.0377197265625,28.87488555908203
-73.57129669189453,-313.55987548828125,28.874637603759766
-73.89845275878906,-314.15673828125,28.874223709106445
-74.1717529296875,-314.6556091308594,28.873842239379883
-74.50187683105469,-315.25836181640625,28.873332977294922
-74.78155517578125,-315.7691650390625,28.872713088989258
-75.10001373291016,-316.35107421875,28.87171173095703
-75.3865966796875,-316.87493896484375,28.87079620361328
-75.71235656738281,-317.4705810546875,28.869935989379883
-76.00335693359375,-318.0024719238281,28.86948585510254
-76.32258605957031,-318.5859375,28.86896324157715
-76.57755279541016,-319.05194091796875,28.86846160888672
-76.90283203125,-319.64630126953125,28.86791229248047
-77.18404388427734,-320.1600036621094,28.867319107055664
-77.50768280029297,-320.7509765625,28.866418838500977
-77.77137756347656,-321.2322998046875,28.865440368652344
-78.09468841552734,-321.82232666015625,28.863937377929688
-78.35358428955078,-322.2948303222656,28.86265754699707
-78.67575073242188,-322.8828125,28.861474990844727
-78.94407653808594,-323.37261962890625,28.861053466796875
-79.26496124267578,-323.9583435058594,28.86147689819336
-79.5367431640625,-324.4544677734375,28.862342834472656
-79.85630798339844,-325.03802490234375,28.863277435302734
-80.12557983398438,-325.52972412109375,28.86381721496582
-80.43672180175781,-326.097900390625,28.864112854003906
-80.71256256103516,-326.60162353515625,28.864063262939453
-81.0294189453125,-327.18023681640625,28.863710403442383
-81.27642822265625,-327.6312561035156,28.863330841064453
-81.59253692626953,-328.20843505859375,28.862823486328125
-81.84512329101562,-328.6695556640625,28.862438201904297
-82.16011047363281,-329.24462890625,28.86199951171875
-82.43214416503906,-329.7411193847656,28.861679077148438
-82.74691009521484,-330.31341552734375,28.86129379272461
-83.0158920288086,-330.7998352050781,28.86090850830078
-83.33135986328125,-331.3689880371094,28.86038589477539
-83.87439727783203,-332.3478088378906,28.85890007019043
-84.13304138183594,-332.813720703125,28.857704162597656
-84.44389343261719,-333.373779296875,28.85604476928711
-84.70361328125,-333.8419494628906,28.8546085357666
-85.00727844238281,-334.389404296875,28.853473663330078
-85.26881408691406,-334.8609313964844,28.853002548217773
-85.57991027832031,-335.4219055175781,28.852909088134766
-85.89028930664062,-335.98175048828125,28.853025436401367
-86.19996643066406,-336.5404968261719,28.853181838989258
-86.47687530517578,-337.04010009765625,28.852935791015625
-86.78526306152344,-337.5967712402344,28.852293014526367
-87.31752014160156,-338.5577392578125,28.85190200805664
-87.56732177734375,-339.00775146484375,28.85210609436035
-87.87548828125,-339.5584716796875,28.852825164794922
-88.13236999511719,-340.0114440917969,28.853755950927734
-88.44469451904297,-340.5567932128906,28.855186462402344
-88.99349975585938,-341.5123291015625,28.857986450195312
-89.25841522216797,-341.97357177734375,28.859251022338867
-89.55885314941406,-342.4970397949219,28.860671997070312
-90.11320495605469,-343.46417236328125,28.863338470458984
-90.63997650146484,-344.384033203125,28.866573333740234
-90.9076156616211,-344.85137939453125,28.86870574951172
-91.20613861083984,-345.3727111816406,28.87139892578125
-91.74006652832031,-346.3052062988281,28.876541137695312
-92.29092407226562,-347.267333984375,28.880451202392578
-92.54676818847656,-347.7143859863281,28.879365921020508
-92.8568115234375,-348.25616455078125,28.877613067626953
-93.14581298828125,-348.7609558105469,28.87674903869629
-93.46604919433594,-349.32012939453125,28.877147674560547
-93.71517944335938,-349.7550354003906,28.878385543823242
-94.0506820678711,-350.34051513671875,28.88260269165039
-94.3333969116211,-350.83367919921875,28.888870239257812
-94.65805053710938,-351.39990234375,28.895809173583984
-94.94551849365234,-351.90130615234375,28.90009117126465
-95.27876281738281,-352.4823913574219,28.901811599731445
-95.53459930419922,-352.9283142089844,28.901132583618164
-95.86715698242188,-353.5077819824219,28.89868927001953
-96.1547622680664,-354.0088195800781,28.89518928527832
-96.47830200195312,-354.5726318359375,28.887710571289062
-96.78076171875,-355.09967041015625,28.88029670715332
-97.12724304199219,-355.7032470703125,28.87311553955078
-97.38681030273438,-356.15533447265625,28.868925094604492
-97.74562072753906,-356.7802734375,28.86481475830078
-98.04951477050781,-357.3096923828125,28.862844467163086
-98.41973114013672,-357.9547119140625,28.861953735351562
-98.72942352294922,-358.4942626953125,28.861801147460938
-99.10954284667969,-359.1564636230469,28.863109588623047
-99.40152740478516,-359.6650390625,28.866683959960938
-99.77681732177734,-360.3187255859375,28.8715763092041
-100.07816314697266,-360.8435363769531,28.874404907226562
-100.4563217163086,-361.5019836425781,28.87612533569336
-100.80171203613281,-362.103271484375,28.876047134399414
-101.17874145507812,-362.75982666015625,28.87468719482422
-101.48158264160156,-363.28729248046875,28.87320899963379
-101.8540267944336,-363.93597412109375,28.871356964111328
-102.16770935058594,-364.48223876953125,28.87006378173828
-102.51594543457031,-365.0888671875,28.869062423706055
-102.8097152709961,-365.6005859375,28.868349075317383
-103.18391418457031,-366.2522888183594,28.86683464050293
-103.48345947265625,-366.77392578125,28.863109588623047
-103.8675537109375,-367.44281005859375,28.857532501220703
-104.2166748046875,-368.0505065917969,28.8527774810791
-104.5844497680664,-368.6904602050781,28.849597930908203
-104.89237976074219,-369.2262268066406,28.85053062438965
-105.2745361328125,-369.89117431640625,28.854162216186523
-105.57701110839844,-370.41741943359375,28.857906341552734
-105.95944213867188,-371.0826416015625,28.862510681152344
-106.31472778320312,-371.70062255859375,28.866161346435547
-106.7061767578125,-372.38153076171875,28.86932373046875
-107.00634765625,-372.9035949707031,28.87095069885254
-107.37921905517578,-373.5520324707031,28.872180938720703
-107.6902084350586,-374.0927734375,28.87284278869629
-108.07935333251953,-374.7693786621094,28.87332534790039
-108.444580078125,-375.404296875,28.873493194580078
-108.79452514648438,-376.0125732421875,28.87352752685547
-109.09147644042969,-376.5286865234375,28.873550415039062
-109.4781494140625,-377.20074462890625,28.873455047607422
-109.79853057861328,-377.7575378417969,28.873212814331055
-110.18403625488281,-378.4273681640625,28.872819900512695
-110.52023315429688,-379.0113830566406,28.87250518798828
-110.87004089355469,-379.61907958984375,28.87228775024414
-111.201171875,-380.1944274902344,28.872051239013672
-111.58425903320312,-380.85980224609375,28.87166976928711
-111.86113739013672,-381.3404846191406,28.871280670166016
-112.22869110107422,-381.97857666015625,28.87071990966797
-112.56616973876953,-382.5645446777344,28.869903564453125
-112.93159484863281,-383.1988525390625,28.86849021911621
-113.23728942871094,-383.729248046875,28.86709213256836
-113.61272430419922,-384.3807373046875,28.865447998046875
-113.90628051757812,-384.8901672363281,28.86421775817871
-114.26026153564453,-385.5045166015625,28.862545013427734
-114.58769226074219,-386.07281494140625,28.860797882080078
-114.96122741699219,-386.72113037109375,28.85900115966797
-115.2571029663086,-387.2347106933594,28.857887268066406
-115.6331558227539,-387.8875732421875,28.85689926147461
-115.91874694824219,-388.3833923339844,28.85666275024414
-116.29350280761719,-389.033935546875,28.857318878173828
-116.61628723144531,-389.5945739746094,28.858539581298828
-116.98948669433594,-390.24285888671875,28.860254287719727
-117.28648376464844,-390.75872802734375,28.861698150634766
-117.65160369873047,-391.3929748535156,28.863744735717773
-117.92694091796875,-391.8714294433594,28.865373611450195
-118.29740905761719,-392.51531982421875,28.867130279541016
-118.62115478515625,-393.07781982421875,28.8681697845459
-118.98799133300781,-393.71484375,28.869216918945312
-119.27236938476562,-394.20849609375,28.870201110839844
-119.6378173828125,-394.84271240234375,28.871427536010742
-119.92001342773438,-395.3323059082031,28.87204360961914
-120.28715515136719,-395.96917724609375,28.87240219116211
-120.58776092529297,-396.49066162109375,28.872385025024414
-120.95138549804688,-397.12158203125,28.87234878540039
-121.24951934814453,-397.6390380859375,28.87251853942871
-121.6138687133789,-398.27154541015625,28.873207092285156
-121.88399505615234,-398.7406005859375,28.874126434326172
-122.23846435546875,-399.356201171875,28.875720977783203
-122.570068359375,-399.93206787109375,28.87722396850586
-122.9317398071289,-400.56005859375,28.878650665283203
-123.22562408447266,-401.07012939453125,28.879589080810547
-123.58625793457031,-401.69580078125,28.88039779663086
-123.87960815429688,-402.2046813964844,28.880813598632812
-124.2390365600586,-402.8281555175781,28.88106346130371
-124.5685043334961,-403.39959716796875,28.881155014038086
-124.92085266113281,-404.0106201171875,28.881288528442383
-125.20654296875,-404.5060119628906,28.881488800048828
-125.56346130371094,-405.1248779296875,28.881847381591797
-125.8387451171875,-405.6022644042969,28.882171630859375
-126.1944351196289,-406.21905517578125,28.882511138916016
-126.492919921875,-406.7366638183594,28.88265037536621
-126.84522247314453,-407.3476867675781,28.88433837890625
-127.12499237060547,-407.8321533203125,28.89154815673828
-127.45616149902344,-408.4057312011719,28.89780044555664
-127.73064422607422,-408.88140869140625,28.89698028564453
-128.06063842773438,-409.4532470703125,28.892902374267578
-128.33355712890625,-409.92620849609375,28.88909912109375
-128.6561737060547,-410.48529052734375,28.885513305664062
-128.92770385742188,-410.95574951171875,28.883211135864258
-129.25547790527344,-411.5233154296875,28.880949020385742
-129.51905822753906,-411.97955322265625,28.879714965820312
-129.84437561035156,-412.54278564453125,28.878829956054688
-130.1209716796875,-413.0218200683594,28.878250122070312
-130.44610595703125,-413.58514404296875,28.87757110595703
-130.70912170410156,-414.0408935546875,28.876955032348633
-131.0330810546875,-414.60223388671875,28.87632179260254
-131.29632568359375,-415.05841064453125,28.875844955444336
-131.61907958984375,-415.6177673339844,28.87531280517578
-131.88076782226562,-416.0714111328125,28.87470245361328
-132.20108032226562,-416.6265869140625,28.873550415039062
-132.46780395507812,-417.0887756347656,28.87235450744629
-132.78402709960938,-417.6364440917969,28.870908737182617
-133.05172729492188,-418.09991455078125,28.869850158691406
-133.371337890625,-418.6532287597656,28.86880874633789
-133.65203857421875,-419.13916015625,28.868064880371094
-133.97042846679688,-419.69036865234375,28.867366790771484
-134.27456665039062,-420.2169494628906,28.866838455200195
-134.58062744140625,-420.74688720703125,28.866430282592773
-135.11582946777344,-421.6735534667969,28.866031646728516
-135.3766326904297,-422.1253356933594,28.866046905517578
-135.6912841796875,-422.67047119140625,28.866355895996094
-135.94970703125,-423.1182556152344,28.866817474365234
-136.26303100585938,-423.6612548828125,28.86771011352539
-136.53041076660156,-424.1246337890625,28.8688907623291
-136.82992553710938,-424.64398193359375,28.87076187133789
-137.08847045898438,-425.09222412109375,28.872526168823242
-137.37979125976562,-425.5975341796875,28.874242782592773
-137.63876342773438,-426.04669189453125,28.87531089782715
-137.9425811767578,-426.57342529296875,28.876134872436523
-138.47900390625,-427.5032958984375,28.877187728881836
-138.99838256835938,-428.4034423828125,28.87748146057129
-139.55186462402344,-429.3628234863281,28.877059936523438
-139.8053741455078,-429.8022766113281,28.876890182495117
-140.10726928710938,-430.3255920410156,28.87702751159668
-140.6417999267578,-431.252197265625,28.877349853515625
-141.186767578125,-432.19708251953125,28.87685775756836
-141.4423828125,-432.6401062011719,28.875688552856445
-141.74411010742188,-433.16302490234375,28.873655319213867
-142.000244140625,-433.6069030761719,28.871679306030273
-142.27838134765625,-434.0889892578125,28.86949920654297
-142.82614135742188,-435.0386657714844,28.865924835205078
-143.326904296875,-435.9067077636719,28.864582061767578
-143.57888793945312,-436.343505859375,28.86418342590332
-143.876220703125,-436.85888671875,28.863550186157227
-144.38290405273438,-437.7369689941406,28.861440658569336
-144.8900604248047,-438.6155090332031,28.859174728393555
-145.39808654785156,-439.4952087402344,28.858659744262695
-145.9311065673828,-440.4184265136719,28.860008239746094
-146.43280029296875,-441.28759765625,28.86202621459961
-146.704345703125,-441.75787353515625,28.86305046081543
-146.9951171875,-442.2611083984375,28.86387825012207
-147.4912567138672,-443.119384765625,28.86436653137207
-147.99710083007812,-443.9946594238281,28.86313819885254
-148.52757263183594,-444.91217041015625,28.859859466552734
-149.05120849609375,-445.81634521484375,28.856901168823242
-149.53274536132812,-446.63201904296875,28.856107711791992
-150.08740234375,-447.5213317871094,28.856351852416992
-150.6392364501953,-448.3358154296875,28.856647491455078
-151.2129669189453,-449.1202392578125,28.855724334716797
-151.82260131835938,-449.92315673828125,28.853370666503906
-152.42471313476562,-450.71722412109375,28.852157592773438
-152.99407958984375,-451.474609375,28.85416030883789
-153.5852508544922,-452.26397705078125,28.857730865478516
-154.1732635498047,-453.0474548339844,28.86227035522461
-154.74093627929688,-453.7894592285156,28.866920471191406
-155.35537719726562,-454.55462646484375,28.871440887451172
-155.97674560546875,-455.271728515625,28.874967575073242
-156.60494995117188,-455.9310302734375,28.87721824645996
-157.2607421875,-456.547607421875,28.878585815429688
-157.98660278320312,-457.1495361328125,28.878440856933594
-158.6845245361328,-457.65521240234375,28.875696182250977
-159.4364776611328,-458.12713623046875,28.865013122558594
-160.29290771484375,-458.5927734375,28.84723472595215
-161.15577697753906,-459.01263427734375,28.836387634277344
-162.0948028564453,-459.4363708496094,28.835182189941406
-163.0360870361328,-459.84710693359375,28.830530166625977
-163.94912719726562,-460.2475891113281,28.82036018371582
-164.89041137695312,-460.66339111328125,28.80988311767578
-165.7970733642578,-461.0642395019531,28.802093505859375
-166.69815063476562,-461.4625549316406,28.79656219482422
-167.58541870117188,-461.86724853515625,28.787532806396484
-168.49000549316406,-462.3077087402344,28.7828311920166
-169.370361328125,-462.7744140625,28.787395477294922
-170.22323608398438,-463.25592041015625,28.790393829345703
-171.11769104003906,-463.7669677734375,28.793346405029297
-171.94107055664062,-464.2333068847656,28.796485900878906
-172.83177185058594,-464.73504638671875,28.798919677734375
-173.71763610839844,-465.2340393066406,28.793764114379883
-174.5798797607422,-465.720703125,28.78551483154297
-175.07093811035156,-465.998046875,28.782432556152344
-175.5838623046875,-466.2889709472656,28.78201675415039
-176.06614685058594,-466.56610107421875,28.7847900390625
-176.5826873779297,-466.8686218261719,28.792892456054688
-177.5164794921875,-467.425048828125,28.809724807739258
-177.94615173339844,-467.6820373535156,28.81631851196289
-178.44757080078125,-467.98291015625,28.82379722595215
-178.923583984375,-468.272705078125,28.829345703125
-179.4368896484375,-468.5938415527344,28.83230972290039
-179.951171875,-468.9268493652344,28.83681869506836
-180.45545959472656,-469.2673645019531,28.84629249572754
-180.9416046142578,-469.6119384765625,28.857723236083984
-181.420654296875,-469.9704284667969,28.869266510009766
-181.8155517578125,-470.2825622558594,28.87833595275879
-182.24607849121094,-470.6424560546875,28.887569427490234
-183.02662658691406,-471.356689453125,28.902729034423828
-183.75355529785156,-472.1062927246094,28.91584014892578
-184.3782958984375,-472.8311462402344,28.926870346069336
-184.9116668701172,-473.5218200683594,28.934734344482422
-185.4011688232422,-474.2267150878906,28.940811157226562
-185.835205078125,-474.9229431152344,28.945425033569336
-186.25515747070312,-475.6789245605469,28.94805145263672
-186.61807250976562,-476.417236328125,28.948862075805664
-186.923095703125,-477.1251220703125,28.94699478149414
-187.18072509765625,-477.82135009765625,28.935161590576172
-187.42369079589844,-478.6141357421875,28.92212677001953
-187.6194305419922,-479.410400390625,28.92374610900879
-187.7591094970703,-480.13812255859375,28.92760467529297
-187.86196899414062,-480.8714904785156,28.927120208740234
-187.91925048828125,-481.51068115234375,28.9237117767334
-187.9439697265625,-482.21038818359375,28.918607711791992
-187.9254150390625,-482.8770446777344,28.912681579589844
-187.8617401123047,-483.5380859375,28.90646743774414
-187.75039672851562,-484.1906433105469,28.901321411132812
-187.60723876953125,-484.7727966308594,28.895931243896484
-187.40814208984375,-485.3868713378906,28.887310028076172
-187.19850158691406,-485.91412353515625,28.878597259521484
-186.95887756347656,-486.4404602050781,28.870166778564453
-186.6829071044922,-486.992431640625,28.862384796142578
-186.38966369628906,-487.5444030761719,28.856178283691406
-186.09555053710938,-488.081298828125,28.850826263427734
-185.79786682128906,-488.6244812011719,28.84549903869629
-185.5062713623047,-489.1625671386719,28.84182357788086
-185.22125244140625,-489.6884765625,28.839191436767578
-184.93887329101562,-490.20135498046875,28.836599349975586
-184.66629028320312,-490.6763916015625,28.834552764892578
-184.37538146972656,-491.1532897949219,28.833301544189453
-184.06983947753906,-491.61700439453125,28.83322525024414
-183.76498413085938,-492.04119873046875,28.833940505981445
-183.45004272460938,-492.43951416015625,28.83582305908203
-183.11648559570312,-492.81805419921875,28.838119506835938
-182.583740234375,-493.33514404296875,28.840402603149414
-182.085205078125,-493.731201171875,28.84231185913086
-181.60040283203125,-494.0419921875,28.845077514648438
-181.08717346191406,-494.295654296875,28.846538543701172
-180.5543670654297,-494.4896240234375,28.83527946472168
-179.8905029296875,-494.673583984375,28.838268280029297
-179.2325439453125,-494.80621337890625,28.857221603393555
-178.566162109375,-494.8990478515625,28.865280151367188
-177.83261108398438,-494.971435546875,28.860153198242188
-177.2892303466797,-495.01806640625,28.86028480529785
-176.70309448242188,-495.0646057128906,28.866249084472656
-176.0653076171875,-495.10760498046875,28.87796401977539
-175.45431518554688,-495.1339111328125,28.8912353515625
-174.82696533203125,-495.1431884765625,28.898048400878906
-174.21356201171875,-495.14239501953125,28.90117645263672
-173.59730529785156,-495.1296081542969,28.903316497802734
-172.99229431152344,-495.0962219238281,28.90579605102539
-172.4014892578125,-495.037353515625,28.90770721435547
-171.82928466796875,-494.95013427734375,28.90867805480957
-171.2542724609375,-494.827392578125,28.90885353088379
-170.72747802734375,-494.67779541015625,28.90863037109375
-170.21774291992188,-494.4921875,28.908679962158203
-169.74411010742188,-494.27581787109375,28.908554077148438
-169.10723876953125,-493.903076171875,28.902494430541992
-168.48912048339844,-493.444091796875,28.881473541259766
-168.0301513671875,-493.05914306640625,28.870166778564453
-167.5765380859375,-492.64776611328125,28.875328063964844
-167.13221740722656,-492.2166748046875,28.87212371826172
-166.65086364746094,-491.7329406738281,28.858633041381836
-166.1641387939453,-491.2379150390625,28.855968475341797
-165.66880798339844,-490.7373046875,28.858762741088867
-165.18199157714844,-490.24725341796875,28.855510711669922
-164.689453125,-489.7499084472656,28.848094940185547
-164.21563720703125,-489.2607727050781,28.840770721435547
-163.75045776367188,-488.7552185058594,28.834598541259766
-163.31137084960938,-488.2408447265625,28.82943344116211
-162.90289306640625,-487.7150573730469,28.823665618896484
-162.52076721191406,-487.17486572265625,28.816219329833984
-162.15296936035156,-486.62811279296875,28.8089656829834
-161.7894287109375,-486.08251953125,28.803199768066406
-161.42486572265625,-485.5428466796875,28.79880142211914
-161.0628204345703,-485.01007080078125,28.79483985900879
-160.70278930664062,-484.47784423828125,28.79029083251953
-160.3574676513672,-483.9651794433594,28.785099029541016
-160.01385498046875,-483.454345703125,28.780696868896484
-159.66351318359375,-482.93145751953125,28.777923583984375
-159.32421875,-482.4086608886719,28.776277542114258
-159.00961303710938,-481.8924560546875,28.775161743164062
-158.71556091308594,-481.36590576171875,28.774873733520508
-158.4519805908203,-480.8370666503906,28.774381637573242
-158.21739196777344,-480.3045654296875,28.77241325378418
-157.9981689453125,-479.765869140625,28.77044677734375
-157.7777557373047,-479.2118835449219,28.764509201049805
-157.53585815429688,-478.6085205078125,28.757495880126953
-157.28878784179688,-477.9971008300781,28.76694107055664
-157.04425048828125,-477.3909912109375,28.77585792541504
-156.80287170410156,-476.7890319824219,28.779415130615234
-156.564208984375,-476.1919860839844,28.78168487548828
-156.3275604248047,-475.6002197265625,28.784446716308594
-156.09918212890625,-475.0306396484375,28.787235260009766
-155.8629150390625,-474.45098876953125,28.789709091186523
-155.6234588623047,-473.88690185546875,28.791555404663086
-155.38748168945312,-473.3360595703125,28.79336166381836
-155.14859008789062,-472.7701416015625,28.79380226135254
-154.8942413330078,-472.16546630859375,28.786251068115234
-154.62539672851562,-471.528076171875,28.783920288085938
-154.32943725585938,-470.82818603515625,28.787948608398438
-154.02993774414062,-470.12152099609375,28.801284790039062
-153.7275390625,-469.421875,28.810251235961914
-153.41458129882812,-468.7312316894531,28.813093185424805
-153.09893798828125,-468.046630859375,28.814865112304688
-152.79000854492188,-467.37060546875,28.817485809326172
-152.478271484375,-466.69573974609375,28.821548461914062
-152.1640167236328,-466.0285949707031,28.825454711914062
-151.8529052734375,-465.36676025390625,28.828039169311523
-151.5433807373047,-464.7109680175781,28.830684661865234
-151.23037719726562,-464.06402587890625,28.83371353149414
-150.91867065429688,-463.42266845703125,28.836790084838867
-150.6092529296875,-462.7867431640625,28.83924102783203
-150.2943878173828,-462.1614074707031,28.841129302978516
-149.96673583984375,-461.549072265625,28.84210777282715
-149.63442993164062,-460.9446716308594,28.84268569946289
-149.30673217773438,-460.34375,28.843257904052734
-148.9813232421875,-459.7554626464844,28.843591690063477
-148.65411376953125,-459.16644287109375,28.843931198120117
-148.33035278320312,-458.581787109375,28.844207763671875
-148.01266479492188,-458.00775146484375,28.844425201416016
-147.69430541992188,-457.4325256347656,28.844451904296875
-147.3844451904297,-456.87359619140625,28.844093322753906
-147.06753540039062,-456.3094177246094,28.843463897705078
-146.7483367919922,-455.7522888183594,28.843297958374023
-146.43460083007812,-455.2005310058594,28.84413719177246
-146.12335205078125,-454.6512451171875,28.845355987548828
-145.8144989013672,-454.1065673828125,28.84638786315918
-145.50656127929688,-453.56744384765625,28.847068786621094
-145.2007598876953,-453.0329895019531,28.847564697265625
-144.89797973632812,-452.50274658203125,28.84832191467285
-144.5977325439453,-451.9769592285156,28.849620819091797
-144.30001831054688,-451.45538330078125,28.85122299194336
-144.0047149658203,-450.9382019042969,28.852807998657227
-143.71176147460938,-450.4252624511719,28.853809356689453
-143.42730712890625,-449.9272766113281,28.854284286499023
-143.13902282714844,-449.4224853515625,28.854724884033203
-142.85305786132812,-448.9217529296875,28.85547637939453
-142.56935119628906,-448.42498779296875,28.85645866394043
-142.28785705566406,-447.9321594238281,28.857398986816406
-142.01312255859375,-447.4510192871094,28.858068466186523
-141.73606872558594,-446.965576171875,28.858400344848633
-141.46084594726562,-446.4839782714844,28.85814094543457
-141.1876678466797,-446.0059814453125,28.857824325561523
-140.91854858398438,-445.5350036621094,28.857799530029297
-140.64964294433594,-445.06414794921875,28.858623504638672
-140.38272094726562,-444.5966796875,28.85867691040039
-140.11764526367188,-444.133056640625,28.857433319091797
-139.85430908203125,-443.6724548339844,28.856481552124023
-139.595703125,-443.219970703125,28.856094360351562
-139.3363494873047,-442.7659912109375,28.85601043701172
-139.07896423339844,-442.3153991699219,28.855918884277344
-138.82357788085938,-441.86810302734375,28.855712890625
-138.56996154785156,-441.42425537109375,28.85556983947754
-138.3181915283203,-440.9839172363281,28.85564613342285
-137.94886779785156,-440.337890625,28.855892181396484
-137.58383178710938,-439.69879150390625,28.856538772583008
-137.22865295410156,-439.07720947265625,28.857501983642578
-136.86724853515625,-438.4451599121094,28.85956573486328
-136.51609802246094,-437.83099365234375,28.861600875854492
-136.16305541992188,-437.21356201171875,28.863433837890625
-135.8164520263672,-436.60760498046875,28.865354537963867
-135.47518920898438,-436.0108337402344,28.866838455200195
-135.1448974609375,-435.4333190917969,28.86817169189453
-134.80715942382812,-434.8428955078125,28.86967658996582
-134.4730987548828,-434.259033203125,28.8709716796875
-134.142578125,-433.6812744140625,28.8714599609375
-133.8155059814453,-433.1097106933594,28.87173080444336
-133.491943359375,-432.5443115234375,28.872150421142578
-133.17236328125,-431.9854736328125,28.87238311767578
-132.86582946777344,-431.4356994628906,28.87287139892578
-132.56964111328125,-430.8811340332031,28.874061584472656
-132.27371215820312,-430.33526611328125,28.875823974609375
-131.9901885986328,-429.7976989746094,28.87732696533203
-131.704833984375,-429.2613830566406,28.87891960144043
-131.43002319335938,-428.72906494140625,28.879989624023438
-131.15640258789062,-428.201171875,28.88042449951172
-130.89105224609375,-427.6907653808594,28.880573272705078
-130.62574768066406,-427.17364501953125,28.881258010864258
-130.3687286376953,-426.6758117675781,28.8820858001709
-130.10671997070312,-426.168212890625,28.88301658630371
-129.84759521484375,-425.6656494140625,28.88393211364746
-129.59109497070312,-425.16802978515625,28.884559631347656
-129.34510803222656,-424.69110107421875,28.88500213623047
-129.09347534179688,-424.20343017578125,28.885173797607422
-128.8443603515625,-423.7204895019531,28.885337829589844
-128.603271484375,-423.25299072265625,28.88572883605957
-128.3626251220703,-422.78643798828125,28.886417388916016
-128.12319946289062,-422.3223571777344,28.887544631958008
-127.88462829589844,-421.85980224609375,28.889039993286133
-127.647705078125,-421.4007568359375,28.89047622680664
-127.4179916381836,-420.95562744140625,28.89173126220703
-127.18780517578125,-420.5096740722656,28.894710540771484
